vintage,building_type,size,climate,care,lca,lshp,customer_count
2025,master_mtr,allSize,hot_dry,allCare,allLca,allLshp,3974
2025,master_mtr,allSize,marine,Care,allLca,allLshp,929
2025,master_mtr,allSize,marine,nonCare,allLca,allLshp,14349
2025,res_unknown,allSize,hot_dry,Care,Bay,allLshp,70216
2025,res_unknown,allSize,hot_dry,Care,Fresno,AllDay,13743
2025,res_unknown,allSize,hot_dry,Care,Fresno,DayEve,47352
2025,res_unknown,allSize,hot_dry,Care,Fresno,EarlyEve,79693
2025,res_unknown,allSize,hot_dry,Care,Fresno,Flat,2395
2025,res_unknown,allSize,hot_dry,Care,Fresno,FlatCool,17275
2025,res_unknown,allSize,hot_dry,Care,Fresno,LateEve,58297
2025,res_unknown,allSize,hot_dry,Care,Fresno,MrnEve,19736
2025,res_unknown,allSize,hot_dry,Care,Fresno,NiteFlat,1599
2025,res_unknown,allSize,hot_dry,Care,Fresno,NitePeak,2750
2025,res_unknown,allSize,hot_dry,Care,Kern,allLshp,75887
2025,res_unknown,allSize,hot_dry,Care,NoLCA,AllDay,6273
2025,res_unknown,allSize,hot_dry,Care,NoLCA,DayEve,33461
2025,res_unknown,allSize,hot_dry,Care,NoLCA,EarlyEve,52304
2025,res_unknown,allSize,hot_dry,Care,NoLCA,FlatCool,20418
2025,res_unknown,allSize,hot_dry,Care,NoLCA,LateEve,35861
2025,res_unknown,allSize,hot_dry,Care,NoLCA,MrnEve,15232
2025,res_unknown,allSize,hot_dry,Care,NoLCA,NiteFlat+Flat,4101
2025,res_unknown,allSize,hot_dry,Care,NoLCA,NitePeak,1094
2025,res_unknown,allSize,hot_dry,Care,North,allLshp,530
2025,res_unknown,allSize,hot_dry,Care,Sierra,allLshp,95905
2025,res_unknown,allSize,hot_dry,Care,Stockton,allLshp,67206
2025,res_unknown,allSize,hot_dry,nonCare,Bay,AllDay,32325
2025,res_unknown,allSize,hot_dry,nonCare,Bay,DayEve,47599
2025,res_unknown,allSize,hot_dry,nonCare,Bay,EarlyEve,122785
2025,res_unknown,allSize,hot_dry,nonCare,Bay,FlatCool,34155
2025,res_unknown,allSize,hot_dry,nonCare,Bay,LateEve,53895
2025,res_unknown,allSize,hot_dry,nonCare,Bay,MrnEve,58153
2025,res_unknown,allSize,hot_dry,nonCare,Bay,NiteFlat+Flat,25940
2025,res_unknown,allSize,hot_dry,nonCare,Bay,NitePeak,11844
2025,res_unknown,allSize,hot_dry,nonCare,Fresno,AllDay,27417
2025,res_unknown,allSize,hot_dry,nonCare,Fresno,DayEve,47535
2025,res_unknown,allSize,hot_dry,nonCare,Fresno,EarlyEve,73750
2025,res_unknown,allSize,hot_dry,nonCare,Fresno,Flat,12936
2025,res_unknown,allSize,hot_dry,nonCare,Fresno,FlatCool,30313
2025,res_unknown,allSize,hot_dry,nonCare,Fresno,LateEve,56004
2025,res_unknown,allSize,hot_dry,nonCare,Fresno,MrnEve,39070
2025,res_unknown,allSize,hot_dry,nonCare,Fresno,NiteFlat,13458
2025,res_unknown,allSize,hot_dry,nonCare,Fresno,NitePeak,4715
2025,res_unknown,allSize,hot_dry,nonCare,Kern,AllDay,13686
2025,res_unknown,allSize,hot_dry,nonCare,Kern,DayEve,19156
2025,res_unknown,allSize,hot_dry,nonCare,Kern,EarlyEve,14667
2025,res_unknown,allSize,hot_dry,nonCare,Kern,FlatCool,8983
2025,res_unknown,allSize,hot_dry,nonCare,Kern,LateEve,15478
2025,res_unknown,allSize,hot_dry,nonCare,Kern,MrnEve,12187
2025,res_unknown,allSize,hot_dry,nonCare,Kern,NiteFlat+Flat,7759
2025,res_unknown,allSize,hot_dry,nonCare,Kern,NitePeak,939
2025,res_unknown,allSize,hot_dry,nonCare,NoLCA,AllDay,25027
2025,res_unknown,allSize,hot_dry,nonCare,NoLCA,DayEve,42903
2025,res_unknown,allSize,hot_dry,nonCare,NoLCA,EarlyEve,83766
2025,res_unknown,allSize,hot_dry,nonCare,NoLCA,Flat,19083
2025,res_unknown,allSize,hot_dry,nonCare,NoLCA,FlatCool,39185
2025,res_unknown,allSize,hot_dry,nonCare,NoLCA,LateEve,49735
2025,res_unknown,allSize,hot_dry,nonCare,NoLCA,MrnEve,41315
2025,res_unknown,allSize,hot_dry,nonCare,NoLCA,NiteFlat,11890
2025,res_unknown,allSize,hot_dry,nonCare,NoLCA,NitePeak,3779
2025,res_unknown,allSize,hot_dry,nonCare,North,allLshp,3070
2025,res_unknown,allSize,hot_dry,nonCare,Sierra,AllDay,23792
2025,res_unknown,allSize,hot_dry,nonCare,Sierra,DayEve,44287
2025,res_unknown,allSize,hot_dry,nonCare,Sierra,EarlyEve,84218
2025,res_unknown,allSize,hot_dry,nonCare,Sierra,Flat,13036
2025,res_unknown,allSize,hot_dry,nonCare,Sierra,FlatCool,34664
2025,res_unknown,allSize,hot_dry,nonCare,Sierra,LateEve,42248
2025,res_unknown,allSize,hot_dry,nonCare,Sierra,MrnEve,49842
2025,res_unknown,allSize,hot_dry,nonCare,Sierra,NiteFlat,8148
2025,res_unknown,allSize,hot_dry,nonCare,Sierra,NitePeak,3509
2025,res_unknown,allSize,hot_dry,nonCare,Stockton,AllDay,9837
2025,res_unknown,allSize,hot_dry,nonCare,Stockton,DayEve,17593
2025,res_unknown,allSize,hot_dry,nonCare,Stockton,EarlyEve,33800
2025,res_unknown,allSize,hot_dry,nonCare,Stockton,FlatCool,19265
2025,res_unknown,allSize,hot_dry,nonCare,Stockton,LateEve,22460
2025,res_unknown,allSize,hot_dry,nonCare,Stockton,MrnEve,19187
2025,res_unknown,allSize,hot_dry,nonCare,Stockton,NiteFlat+Flat,14930
2025,res_unknown,allSize,hot_dry,nonCare,Stockton,NitePeak,1631
2025,res_unknown,allSize,marine,Care,Bay,AllDay,4390
2025,res_unknown,allSize,marine,Care,Bay,DayEve,56109
2025,res_unknown,allSize,marine,Care,Bay,EarlyEve,113121
2025,res_unknown,allSize,marine,Care,Bay,Flat,10029
2025,res_unknown,allSize,marine,Care,Bay,FlatCool,47983
2025,res_unknown,allSize,marine,Care,Bay,LateEve,80432
2025,res_unknown,allSize,marine,Care,Bay,MrnEve,72389
2025,res_unknown,allSize,marine,Care,Bay,NiteFlat,1741
2025,res_unknown,allSize,marine,Care,Bay,NitePeak,12938
2025,res_unknown,allSize,marine,Care,Humboldt,DayEve,1516
2025,res_unknown,allSize,marine,Care,Humboldt,EarlyEve,4781
2025,res_unknown,allSize,marine,Care,Humboldt,Flat,935
2025,res_unknown,allSize,marine,Care,Humboldt,FlatCool+AllDay,4137
2025,res_unknown,allSize,marine,Care,Humboldt,LateEve+NitePeak,3307
2025,res_unknown,allSize,marine,Care,Humboldt,MrnEve,3884
2025,res_unknown,allSize,marine,Care,NoLCA,allLshp,47572
2025,res_unknown,allSize,marine,Care,North,allLshp,88456
2025,res_unknown,allSize,marine,nonCare,Bay,AllDay,52956
2025,res_unknown,allSize,marine,nonCare,Bay,DayEve,165319
2025,res_unknown,allSize,marine,nonCare,Bay,EarlyEve,455156
2025,res_unknown,allSize,marine,nonCare,Bay,Flat,99361
2025,res_unknown,allSize,marine,nonCare,Bay,FlatCool,234323
2025,res_unknown,allSize,marine,nonCare,Bay,LateEve,339736
2025,res_unknown,allSize,marine,nonCare,Bay,MrnEve,353281
2025,res_unknown,allSize,marine,nonCare,Bay,NiteFlat,84245
2025,res_unknown,allSize,marine,nonCare,Bay,NitePeak,77998
2025,res_unknown,allSize,marine,nonCare,Humboldt,allLshp,44546
2025,res_unknown,allSize,marine,nonCare,NoLCA,AllDay,6899
2025,res_unknown,allSize,marine,nonCare,NoLCA,DayEve,20595
2025,res_unknown,allSize,marine,nonCare,NoLCA,EarlyEve,30278
2025,res_unknown,allSize,marine,nonCare,NoLCA,Flat,12905
2025,res_unknown,allSize,marine,nonCare,NoLCA,FlatCool,21472
2025,res_unknown,allSize,marine,nonCare,NoLCA,LateEve,22085
2025,res_unknown,allSize,marine,nonCare,NoLCA,MrnEve,47512
2025,res_unknown,allSize,marine,nonCare,NoLCA,NiteFlat,5150
2025,res_unknown,allSize,marine,nonCare,NoLCA,NitePeak,3967
2025,res_unknown,allSize,marine,nonCare,North,AllDay,19376
2025,res_unknown,allSize,marine,nonCare,North,DayEve,36041
2025,res_unknown,allSize,marine,nonCare,North,EarlyEve,96483
2025,res_unknown,allSize,marine,nonCare,North,Flat,19366
2025,res_unknown,allSize,marine,nonCare,North,FlatCool,48386
2025,res_unknown,allSize,marine,nonCare,North,LateEve,48190
2025,res_unknown,allSize,marine,nonCare,North,MrnEve,76693
2025,res_unknown,allSize,marine,nonCare,North,NiteFlat,10507
2025,res_unknown,allSize,marine,nonCare,North,NitePeak,8764
2030,master_mtr,allSize,hot_dry,allCare,allLca,allLshp,4153
2030,master_mtr,allSize,marine,Care,allLca,allLshp,971
2030,master_mtr,allSize,marine,nonCare,allLca,allLshp,14995
2030,res_unknown,allSize,hot_dry,Care,Bay,allLshp,73379
2030,res_unknown,allSize,hot_dry,Care,Fresno,AllDay,14362
2030,res_unknown,allSize,hot_dry,Care,Fresno,DayEve,49484
2030,res_unknown,allSize,hot_dry,Care,Fresno,EarlyEve,83282
2030,res_unknown,allSize,hot_dry,Care,Fresno,Flat,2503
2030,res_unknown,allSize,hot_dry,Care,Fresno,FlatCool,18053
2030,res_unknown,allSize,hot_dry,Care,Fresno,LateEve,60923
2030,res_unknown,allSize,hot_dry,Care,Fresno,MrnEve,20625
2030,res_unknown,allSize,hot_dry,Care,Fresno,NiteFlat,1671
2030,res_unknown,allSize,hot_dry,Care,Fresno,NitePeak,2874
2030,res_unknown,allSize,hot_dry,Care,Kern,allLshp,79305
2030,res_unknown,allSize,hot_dry,Care,NoLCA,AllDay,6556
2030,res_unknown,allSize,hot_dry,Care,NoLCA,DayEve,34969
2030,res_unknown,allSize,hot_dry,Care,NoLCA,EarlyEve,54659
2030,res_unknown,allSize,hot_dry,Care,NoLCA,FlatCool,21338
2030,res_unknown,allSize,hot_dry,Care,NoLCA,LateEve,37476
2030,res_unknown,allSize,hot_dry,Care,NoLCA,MrnEve,15918
2030,res_unknown,allSize,hot_dry,Care,NoLCA,NiteFlat+Flat,4286
2030,res_unknown,allSize,hot_dry,Care,NoLCA,NitePeak,1143
2030,res_unknown,allSize,hot_dry,Care,North,allLshp,554
2030,res_unknown,allSize,hot_dry,Care,Sierra,allLshp,100225
2030,res_unknown,allSize,hot_dry,Care,Stockton,allLshp,70233
2030,res_unknown,allSize,hot_dry,nonCare,Bay,AllDay,33781
2030,res_unknown,allSize,hot_dry,nonCare,Bay,DayEve,49742
2030,res_unknown,allSize,hot_dry,nonCare,Bay,EarlyEve,128315
2030,res_unknown,allSize,hot_dry,nonCare,Bay,FlatCool,35693
2030,res_unknown,allSize,hot_dry,nonCare,Bay,LateEve,56323
2030,res_unknown,allSize,hot_dry,nonCare,Bay,MrnEve,60773
2030,res_unknown,allSize,hot_dry,nonCare,Bay,NiteFlat+Flat,27108
2030,res_unknown,allSize,hot_dry,nonCare,Bay,NitePeak,12378
2030,res_unknown,allSize,hot_dry,nonCare,Fresno,AllDay,28652
2030,res_unknown,allSize,hot_dry,nonCare,Fresno,DayEve,49676
2030,res_unknown,allSize,hot_dry,nonCare,Fresno,EarlyEve,77072
2030,res_unknown,allSize,hot_dry,nonCare,Fresno,Flat,13518
2030,res_unknown,allSize,hot_dry,nonCare,Fresno,FlatCool,31678
2030,res_unknown,allSize,hot_dry,nonCare,Fresno,LateEve,58526
2030,res_unknown,allSize,hot_dry,nonCare,Fresno,MrnEve,40829
2030,res_unknown,allSize,hot_dry,nonCare,Fresno,NiteFlat,14064
2030,res_unknown,allSize,hot_dry,nonCare,Fresno,NitePeak,4927
2030,res_unknown,allSize,hot_dry,nonCare,Kern,AllDay,14302
2030,res_unknown,allSize,hot_dry,nonCare,Kern,DayEve,20018
2030,res_unknown,allSize,hot_dry,nonCare,Kern,EarlyEve,15327
2030,res_unknown,allSize,hot_dry,nonCare,Kern,FlatCool,9387
2030,res_unknown,allSize,hot_dry,nonCare,Kern,LateEve,16176
2030,res_unknown,allSize,hot_dry,nonCare,Kern,MrnEve,12736
2030,res_unknown,allSize,hot_dry,nonCare,Kern,NiteFlat+Flat,8108
2030,res_unknown,allSize,hot_dry,nonCare,Kern,NitePeak,981
2030,res_unknown,allSize,hot_dry,nonCare,NoLCA,AllDay,26154
2030,res_unknown,allSize,hot_dry,nonCare,NoLCA,DayEve,44835
2030,res_unknown,allSize,hot_dry,nonCare,NoLCA,EarlyEve,87539
2030,res_unknown,allSize,hot_dry,nonCare,NoLCA,Flat,19942
2030,res_unknown,allSize,hot_dry,nonCare,NoLCA,FlatCool,40950
2030,res_unknown,allSize,hot_dry,nonCare,NoLCA,LateEve,51975
2030,res_unknown,allSize,hot_dry,nonCare,NoLCA,MrnEve,43176
2030,res_unknown,allSize,hot_dry,nonCare,NoLCA,NiteFlat,12426
2030,res_unknown,allSize,hot_dry,nonCare,NoLCA,NitePeak,3949
2030,res_unknown,allSize,hot_dry,nonCare,North,allLshp,3208
2030,res_unknown,allSize,hot_dry,nonCare,Sierra,AllDay,24863
2030,res_unknown,allSize,hot_dry,nonCare,Sierra,DayEve,46282
2030,res_unknown,allSize,hot_dry,nonCare,Sierra,EarlyEve,88011
2030,res_unknown,allSize,hot_dry,nonCare,Sierra,Flat,13623
2030,res_unknown,allSize,hot_dry,nonCare,Sierra,FlatCool,36225
2030,res_unknown,allSize,hot_dry,nonCare,Sierra,LateEve,44151
2030,res_unknown,allSize,hot_dry,nonCare,Sierra,MrnEve,52087
2030,res_unknown,allSize,hot_dry,nonCare,Sierra,NiteFlat,8515
2030,res_unknown,allSize,hot_dry,nonCare,Sierra,NitePeak,3667
2030,res_unknown,allSize,hot_dry,nonCare,Stockton,AllDay,10280
2030,res_unknown,allSize,hot_dry,nonCare,Stockton,DayEve,18386
2030,res_unknown,allSize,hot_dry,nonCare,Stockton,EarlyEve,35322
2030,res_unknown,allSize,hot_dry,nonCare,Stockton,FlatCool,20133
2030,res_unknown,allSize,hot_dry,nonCare,Stockton,LateEve,23472
2030,res_unknown,allSize,hot_dry,nonCare,Stockton,MrnEve,20051
2030,res_unknown,allSize,hot_dry,nonCare,Stockton,NiteFlat+Flat,15602
2030,res_unknown,allSize,hot_dry,nonCare,Stockton,NitePeak,1705
2030,res_unknown,allSize,marine,Care,Bay,AllDay,4588
2030,res_unknown,allSize,marine,Care,Bay,DayEve,58636
2030,res_unknown,allSize,marine,Care,Bay,EarlyEve,118216
2030,res_unknown,allSize,marine,Care,Bay,Flat,10481
2030,res_unknown,allSize,marine,Care,Bay,FlatCool,50144
2030,res_unknown,allSize,marine,Care,Bay,LateEve,84055
2030,res_unknown,allSize,marine,Care,Bay,MrnEve,75649
2030,res_unknown,allSize,marine,Care,Bay,NiteFlat,1819
2030,res_unknown,allSize,marine,Care,Bay,NitePeak,13521
2030,res_unknown,allSize,marine,Care,Humboldt,DayEve,1584
2030,res_unknown,allSize,marine,Care,Humboldt,EarlyEve,4996
2030,res_unknown,allSize,marine,Care,Humboldt,Flat,978
2030,res_unknown,allSize,marine,Care,Humboldt,FlatCool+AllDay,4323
2030,res_unknown,allSize,marine,Care,Humboldt,LateEve+NitePeak,3456
2030,res_unknown,allSize,marine,Care,Humboldt,MrnEve,4059
2030,res_unknown,allSize,marine,Care,NoLCA,allLshp,49714
2030,res_unknown,allSize,marine,Care,North,allLshp,92440
2030,res_unknown,allSize,marine,nonCare,Bay,AllDay,55341
2030,res_unknown,allSize,marine,nonCare,Bay,DayEve,172765
2030,res_unknown,allSize,marine,nonCare,Bay,EarlyEve,475656
2030,res_unknown,allSize,marine,nonCare,Bay,Flat,103836
2030,res_unknown,allSize,marine,nonCare,Bay,FlatCool,244877
2030,res_unknown,allSize,marine,nonCare,Bay,LateEve,355037
2030,res_unknown,allSize,marine,nonCare,Bay,MrnEve,369193
2030,res_unknown,allSize,marine,nonCare,Bay,NiteFlat,88040
2030,res_unknown,allSize,marine,nonCare,Bay,NitePeak,81510
2030,res_unknown,allSize,marine,nonCare,Humboldt,allLshp,46553
2030,res_unknown,allSize,marine,nonCare,NoLCA,AllDay,7210
2030,res_unknown,allSize,marine,nonCare,NoLCA,DayEve,21522
2030,res_unknown,allSize,marine,nonCare,NoLCA,EarlyEve,31641
2030,res_unknown,allSize,marine,nonCare,NoLCA,Flat,13486
2030,res_unknown,allSize,marine,nonCare,NoLCA,FlatCool,22439
2030,res_unknown,allSize,marine,nonCare,NoLCA,LateEve,23080
2030,res_unknown,allSize,marine,nonCare,NoLCA,MrnEve,49652
2030,res_unknown,allSize,marine,nonCare,NoLCA,NiteFlat,5382
2030,res_unknown,allSize,marine,nonCare,NoLCA,NitePeak,4146
2030,res_unknown,allSize,marine,nonCare,North,AllDay,20249
2030,res_unknown,allSize,marine,nonCare,North,DayEve,37664
2030,res_unknown,allSize,marine,nonCare,North,EarlyEve,100829
2030,res_unknown,allSize,marine,nonCare,North,Flat,20238
2030,res_unknown,allSize,marine,nonCare,North,FlatCool,50566
2030,res_unknown,allSize,marine,nonCare,North,LateEve,50360
2030,res_unknown,allSize,marine,nonCare,North,MrnEve,80147
2030,res_unknown,allSize,marine,nonCare,North,NiteFlat,10981
2030,res_unknown,allSize,marine,nonCare,North,NitePeak,9159
2040,master_mtr,allSize,hot_dry,allCare,allLca,allLshp,4514
2040,master_mtr,allSize,marine,Care,allLca,allLshp,1056
2040,master_mtr,allSize,marine,nonCare,allLca,allLshp,16299
2040,res_unknown,allSize,hot_dry,Care,Bay,allLshp,79762
2040,res_unknown,allSize,hot_dry,Care,Fresno,AllDay,15611
2040,res_unknown,allSize,hot_dry,Care,Fresno,DayEve,53789
2040,res_unknown,allSize,hot_dry,Care,Fresno,EarlyEve,90527
2040,res_unknown,allSize,hot_dry,Care,Fresno,Flat,2721
2040,res_unknown,allSize,hot_dry,Care,Fresno,FlatCool,19623
2040,res_unknown,allSize,hot_dry,Care,Fresno,LateEve,66223
2040,res_unknown,allSize,hot_dry,Care,Fresno,MrnEve,22419
2040,res_unknown,allSize,hot_dry,Care,Fresno,NiteFlat,1817
2040,res_unknown,allSize,hot_dry,Care,Fresno,NitePeak,3124
2040,res_unknown,allSize,hot_dry,Care,Kern,allLshp,86204
2040,res_unknown,allSize,hot_dry,Care,NoLCA,AllDay,7126
2040,res_unknown,allSize,hot_dry,Care,NoLCA,DayEve,38010
2040,res_unknown,allSize,hot_dry,Care,NoLCA,EarlyEve,59414
2040,res_unknown,allSize,hot_dry,Care,NoLCA,FlatCool,23194
2040,res_unknown,allSize,hot_dry,Care,NoLCA,LateEve,40736
2040,res_unknown,allSize,hot_dry,Care,NoLCA,MrnEve,17303
2040,res_unknown,allSize,hot_dry,Care,NoLCA,NiteFlat+Flat,4658
2040,res_unknown,allSize,hot_dry,Care,NoLCA,NitePeak,1242
2040,res_unknown,allSize,hot_dry,Care,North,allLshp,602
2040,res_unknown,allSize,hot_dry,Care,Sierra,allLshp,108943
2040,res_unknown,allSize,hot_dry,Care,Stockton,allLshp,76343
2040,res_unknown,allSize,hot_dry,nonCare,Bay,AllDay,36719
2040,res_unknown,allSize,hot_dry,nonCare,Bay,DayEve,54069
2040,res_unknown,allSize,hot_dry,nonCare,Bay,EarlyEve,139478
2040,res_unknown,allSize,hot_dry,nonCare,Bay,FlatCool,38798
2040,res_unknown,allSize,hot_dry,nonCare,Bay,LateEve,61222
2040,res_unknown,allSize,hot_dry,nonCare,Bay,MrnEve,66059
2040,res_unknown,allSize,hot_dry,nonCare,Bay,NiteFlat+Flat,29467
2040,res_unknown,allSize,hot_dry,nonCare,Bay,NitePeak,13454
2040,res_unknown,allSize,hot_dry,nonCare,Fresno,AllDay,31145
2040,res_unknown,allSize,hot_dry,nonCare,Fresno,DayEve,53998
2040,res_unknown,allSize,hot_dry,nonCare,Fresno,EarlyEve,83776
2040,res_unknown,allSize,hot_dry,nonCare,Fresno,Flat,14694
2040,res_unknown,allSize,hot_dry,nonCare,Fresno,FlatCool,34434
2040,res_unknown,allSize,hot_dry,nonCare,Fresno,LateEve,63617
2040,res_unknown,allSize,hot_dry,nonCare,Fresno,MrnEve,44381
2040,res_unknown,allSize,hot_dry,nonCare,Fresno,NiteFlat,15288
2040,res_unknown,allSize,hot_dry,nonCare,Fresno,NitePeak,5356
2040,res_unknown,allSize,hot_dry,nonCare,Kern,AllDay,15546
2040,res_unknown,allSize,hot_dry,nonCare,Kern,DayEve,21760
2040,res_unknown,allSize,hot_dry,nonCare,Kern,EarlyEve,16661
2040,res_unknown,allSize,hot_dry,nonCare,Kern,FlatCool,10204
2040,res_unknown,allSize,hot_dry,nonCare,Kern,LateEve,17583
2040,res_unknown,allSize,hot_dry,nonCare,Kern,MrnEve,13844
2040,res_unknown,allSize,hot_dry,nonCare,Kern,NiteFlat+Flat,8813
2040,res_unknown,allSize,hot_dry,nonCare,Kern,NitePeak,1067
2040,res_unknown,allSize,hot_dry,nonCare,NoLCA,AllDay,28429
2040,res_unknown,allSize,hot_dry,nonCare,NoLCA,DayEve,48735
2040,res_unknown,allSize,hot_dry,nonCare,NoLCA,EarlyEve,95154
2040,res_unknown,allSize,hot_dry,nonCare,NoLCA,Flat,21677
2040,res_unknown,allSize,hot_dry,nonCare,NoLCA,FlatCool,44512
2040,res_unknown,allSize,hot_dry,nonCare,NoLCA,LateEve,56496
2040,res_unknown,allSize,hot_dry,nonCare,NoLCA,MrnEve,46932
2040,res_unknown,allSize,hot_dry,nonCare,NoLCA,NiteFlat,13506
2040,res_unknown,allSize,hot_dry,nonCare,NoLCA,NitePeak,4292
2040,res_unknown,allSize,hot_dry,nonCare,North,allLshp,3487
2040,res_unknown,allSize,hot_dry,nonCare,Sierra,AllDay,27026
2040,res_unknown,allSize,hot_dry,nonCare,Sierra,DayEve,50308
2040,res_unknown,allSize,hot_dry,nonCare,Sierra,EarlyEve,95667
2040,res_unknown,allSize,hot_dry,nonCare,Sierra,Flat,14808
2040,res_unknown,allSize,hot_dry,nonCare,Sierra,FlatCool,39376
2040,res_unknown,allSize,hot_dry,nonCare,Sierra,LateEve,47992
2040,res_unknown,allSize,hot_dry,nonCare,Sierra,MrnEve,56618
2040,res_unknown,allSize,hot_dry,nonCare,Sierra,NiteFlat,9256
2040,res_unknown,allSize,hot_dry,nonCare,Sierra,NitePeak,3986
2040,res_unknown,allSize,hot_dry,nonCare,Stockton,AllDay,11174
2040,res_unknown,allSize,hot_dry,nonCare,Stockton,DayEve,19985
2040,res_unknown,allSize,hot_dry,nonCare,Stockton,EarlyEve,38395
2040,res_unknown,allSize,hot_dry,nonCare,Stockton,FlatCool,21884
2040,res_unknown,allSize,hot_dry,nonCare,Stockton,LateEve,25514
2040,res_unknown,allSize,hot_dry,nonCare,Stockton,MrnEve,21795
2040,res_unknown,allSize,hot_dry,nonCare,Stockton,NiteFlat+Flat,16960
2040,res_unknown,allSize,hot_dry,nonCare,Stockton,NitePeak,1853
2040,res_unknown,allSize,marine,Care,Bay,AllDay,4987
2040,res_unknown,allSize,marine,Care,Bay,DayEve,63736
2040,res_unknown,allSize,marine,Care,Bay,EarlyEve,128499
2040,res_unknown,allSize,marine,Care,Bay,Flat,11392
2040,res_unknown,allSize,marine,Care,Bay,FlatCool,54506
2040,res_unknown,allSize,marine,Care,Bay,LateEve,91367
2040,res_unknown,allSize,marine,Care,Bay,MrnEve,82230
2040,res_unknown,allSize,marine,Care,Bay,NiteFlat,1977
2040,res_unknown,allSize,marine,Care,Bay,NitePeak,14697
2040,res_unknown,allSize,marine,Care,Humboldt,DayEve,1722
2040,res_unknown,allSize,marine,Care,Humboldt,EarlyEve,5431
2040,res_unknown,allSize,marine,Care,Humboldt,Flat,1063
2040,res_unknown,allSize,marine,Care,Humboldt,FlatCool+AllDay,4699
2040,res_unknown,allSize,marine,Care,Humboldt,LateEve+NitePeak,3757
2040,res_unknown,allSize,marine,Care,Humboldt,MrnEve,4412
2040,res_unknown,allSize,marine,Care,NoLCA,allLshp,54039
2040,res_unknown,allSize,marine,Care,North,allLshp,100481
2040,res_unknown,allSize,marine,nonCare,Bay,AllDay,60155
2040,res_unknown,allSize,marine,nonCare,Bay,DayEve,187794
2040,res_unknown,allSize,marine,nonCare,Bay,EarlyEve,517034
2040,res_unknown,allSize,marine,nonCare,Bay,Flat,112869
2040,res_unknown,allSize,marine,nonCare,Bay,FlatCool,266179
2040,res_unknown,allSize,marine,nonCare,Bay,LateEve,385922
2040,res_unknown,allSize,marine,nonCare,Bay,MrnEve,401310
2040,res_unknown,allSize,marine,nonCare,Bay,NiteFlat,95698
2040,res_unknown,allSize,marine,nonCare,Bay,NitePeak,88601
2040,res_unknown,allSize,marine,nonCare,Humboldt,allLshp,50602
2040,res_unknown,allSize,marine,nonCare,NoLCA,AllDay,7837
2040,res_unknown,allSize,marine,nonCare,NoLCA,DayEve,23394
2040,res_unknown,allSize,marine,nonCare,NoLCA,EarlyEve,34394
2040,res_unknown,allSize,marine,nonCare,NoLCA,Flat,14659
2040,res_unknown,allSize,marine,nonCare,NoLCA,FlatCool,24391
2040,res_unknown,allSize,marine,nonCare,NoLCA,LateEve,25088
2040,res_unknown,allSize,marine,nonCare,NoLCA,MrnEve,53971
2040,res_unknown,allSize,marine,nonCare,NoLCA,NiteFlat,5850
2040,res_unknown,allSize,marine,nonCare,NoLCA,NitePeak,4506
2040,res_unknown,allSize,marine,nonCare,North,AllDay,22011
2040,res_unknown,allSize,marine,nonCare,North,DayEve,40941
2040,res_unknown,allSize,marine,nonCare,North,EarlyEve,109600
2040,res_unknown,allSize,marine,nonCare,North,Flat,21998
2040,res_unknown,allSize,marine,nonCare,North,FlatCool,54964
2040,res_unknown,allSize,marine,nonCare,North,LateEve,54741
2040,res_unknown,allSize,marine,nonCare,North,MrnEve,87120
2040,res_unknown,allSize,marine,nonCare,North,NiteFlat,11936
2040,res_unknown,allSize,marine,nonCare,North,NitePeak,9955
2050,master_mtr,allSize,hot_dry,allCare,allLca,allLshp,4876
2050,master_mtr,allSize,marine,Care,allLca,allLshp,1140
2050,master_mtr,allSize,marine,nonCare,allLca,allLshp,17604
2050,res_unknown,allSize,hot_dry,Care,Bay,allLshp,86145
2050,res_unknown,allSize,hot_dry,Care,Fresno,AllDay,16860
2050,res_unknown,allSize,hot_dry,Care,Fresno,DayEve,58094
2050,res_unknown,allSize,hot_dry,Care,Fresno,EarlyEve,97772
2050,res_unknown,allSize,hot_dry,Care,Fresno,Flat,2938
2050,res_unknown,allSize,hot_dry,Care,Fresno,FlatCool,21193
2050,res_unknown,allSize,hot_dry,Care,Fresno,LateEve,71522
2050,res_unknown,allSize,hot_dry,Care,Fresno,MrnEve,24213
2050,res_unknown,allSize,hot_dry,Care,Fresno,NiteFlat,1962
2050,res_unknown,allSize,hot_dry,Care,Fresno,NitePeak,3374
2050,res_unknown,allSize,hot_dry,Care,Kern,allLshp,93103
2050,res_unknown,allSize,hot_dry,Care,NoLCA,AllDay,7696
2050,res_unknown,allSize,hot_dry,Care,NoLCA,DayEve,41052
2050,res_unknown,allSize,hot_dry,Care,NoLCA,EarlyEve,64169
2050,res_unknown,allSize,hot_dry,Care,NoLCA,FlatCool,25050
2050,res_unknown,allSize,hot_dry,Care,NoLCA,LateEve,43996
2050,res_unknown,allSize,hot_dry,Care,NoLCA,MrnEve,18687
2050,res_unknown,allSize,hot_dry,Care,NoLCA,NiteFlat+Flat,5031
2050,res_unknown,allSize,hot_dry,Care,NoLCA,NitePeak,1342
2050,res_unknown,allSize,hot_dry,Care,North,allLshp,650
2050,res_unknown,allSize,hot_dry,Care,Sierra,allLshp,117662
2050,res_unknown,allSize,hot_dry,Care,Stockton,allLshp,82453
2050,res_unknown,allSize,hot_dry,nonCare,Bay,AllDay,39658
2050,res_unknown,allSize,hot_dry,nonCare,Bay,DayEve,58397
2050,res_unknown,allSize,hot_dry,nonCare,Bay,EarlyEve,150640
2050,res_unknown,allSize,hot_dry,nonCare,Bay,FlatCool,41903
2050,res_unknown,allSize,hot_dry,nonCare,Bay,LateEve,66122
2050,res_unknown,allSize,hot_dry,nonCare,Bay,MrnEve,71346
2050,res_unknown,allSize,hot_dry,nonCare,Bay,NiteFlat+Flat,31825
2050,res_unknown,allSize,hot_dry,nonCare,Bay,NitePeak,14531
2050,res_unknown,allSize,hot_dry,nonCare,Fresno,AllDay,33637
2050,res_unknown,allSize,hot_dry,nonCare,Fresno,DayEve,58319
2050,res_unknown,allSize,hot_dry,nonCare,Fresno,EarlyEve,90481
2050,res_unknown,allSize,hot_dry,nonCare,Fresno,Flat,15870
2050,res_unknown,allSize,hot_dry,nonCare,Fresno,FlatCool,37190
2050,res_unknown,allSize,hot_dry,nonCare,Fresno,LateEve,68709
2050,res_unknown,allSize,hot_dry,nonCare,Fresno,MrnEve,47933
2050,res_unknown,allSize,hot_dry,nonCare,Fresno,NiteFlat,16511
2050,res_unknown,allSize,hot_dry,nonCare,Fresno,NitePeak,5784
2050,res_unknown,allSize,hot_dry,nonCare,Kern,AllDay,16790
2050,res_unknown,allSize,hot_dry,nonCare,Kern,DayEve,23501
2050,res_unknown,allSize,hot_dry,nonCare,Kern,EarlyEve,17994
2050,res_unknown,allSize,hot_dry,nonCare,Kern,FlatCool,11020
2050,res_unknown,allSize,hot_dry,nonCare,Kern,LateEve,18990
2050,res_unknown,allSize,hot_dry,nonCare,Kern,MrnEve,14952
2050,res_unknown,allSize,hot_dry,nonCare,Kern,NiteFlat+Flat,9519
2050,res_unknown,allSize,hot_dry,nonCare,Kern,NitePeak,1152
2050,res_unknown,allSize,hot_dry,nonCare,NoLCA,AllDay,30705
2050,res_unknown,allSize,hot_dry,nonCare,NoLCA,DayEve,52636
2050,res_unknown,allSize,hot_dry,nonCare,NoLCA,EarlyEve,102769
2050,res_unknown,allSize,hot_dry,nonCare,NoLCA,Flat,23412
2050,res_unknown,allSize,hot_dry,nonCare,NoLCA,FlatCool,48074
2050,res_unknown,allSize,hot_dry,nonCare,NoLCA,LateEve,61017
2050,res_unknown,allSize,hot_dry,nonCare,NoLCA,MrnEve,50688
2050,res_unknown,allSize,hot_dry,nonCare,NoLCA,NiteFlat,14587
2050,res_unknown,allSize,hot_dry,nonCare,NoLCA,NitePeak,4636
2050,res_unknown,allSize,hot_dry,nonCare,North,allLshp,3766
2050,res_unknown,allSize,hot_dry,nonCare,Sierra,AllDay,29189
2050,res_unknown,allSize,hot_dry,nonCare,Sierra,DayEve,54334
2050,res_unknown,allSize,hot_dry,nonCare,Sierra,EarlyEve,103324
2050,res_unknown,allSize,hot_dry,nonCare,Sierra,Flat,15993
2050,res_unknown,allSize,hot_dry,nonCare,Sierra,FlatCool,42527
2050,res_unknown,allSize,hot_dry,nonCare,Sierra,LateEve,51833
2050,res_unknown,allSize,hot_dry,nonCare,Sierra,MrnEve,61150
2050,res_unknown,allSize,hot_dry,nonCare,Sierra,NiteFlat,9996
2050,res_unknown,allSize,hot_dry,nonCare,Sierra,NitePeak,4305
2050,res_unknown,allSize,hot_dry,nonCare,Stockton,AllDay,12068
2050,res_unknown,allSize,hot_dry,nonCare,Stockton,DayEve,21585
2050,res_unknown,allSize,hot_dry,nonCare,Stockton,EarlyEve,41468
2050,res_unknown,allSize,hot_dry,nonCare,Stockton,FlatCool,23635
2050,res_unknown,allSize,hot_dry,nonCare,Stockton,LateEve,27556
2050,res_unknown,allSize,hot_dry,nonCare,Stockton,MrnEve,23540
2050,res_unknown,allSize,hot_dry,nonCare,Stockton,NiteFlat+Flat,18317
2050,res_unknown,allSize,hot_dry,nonCare,Stockton,NitePeak,2002
2050,res_unknown,allSize,marine,Care,Bay,AllDay,5386
2050,res_unknown,allSize,marine,Care,Bay,DayEve,68837
2050,res_unknown,allSize,marine,Care,Bay,EarlyEve,138783
2050,res_unknown,allSize,marine,Care,Bay,Flat,12304
2050,res_unknown,allSize,marine,Care,Bay,FlatCool,58868
2050,res_unknown,allSize,marine,Care,Bay,LateEve,98679
2050,res_unknown,allSize,marine,Care,Bay,MrnEve,88811
2050,res_unknown,allSize,marine,Care,Bay,NiteFlat,2135
2050,res_unknown,allSize,marine,Care,Bay,NitePeak,15873
2050,res_unknown,allSize,marine,Care,Humboldt,DayEve,1860
2050,res_unknown,allSize,marine,Care,Humboldt,EarlyEve,5866
2050,res_unknown,allSize,marine,Care,Humboldt,Flat,1148
2050,res_unknown,allSize,marine,Care,Humboldt,FlatCool+AllDay,5076
2050,res_unknown,allSize,marine,Care,Humboldt,LateEve+NitePeak,4057
2050,res_unknown,allSize,marine,Care,Humboldt,MrnEve,4765
2050,res_unknown,allSize,marine,Care,NoLCA,allLshp,58364
2050,res_unknown,allSize,marine,Care,North,allLshp,108523
2050,res_unknown,allSize,marine,nonCare,Bay,AllDay,64969
2050,res_unknown,allSize,marine,nonCare,Bay,DayEve,202824
2050,res_unknown,allSize,marine,nonCare,Bay,EarlyEve,558412
2050,res_unknown,allSize,marine,nonCare,Bay,Flat,121902
2050,res_unknown,allSize,marine,nonCare,Bay,FlatCool,287482
2050,res_unknown,allSize,marine,nonCare,Bay,LateEve,416808
2050,res_unknown,allSize,marine,nonCare,Bay,MrnEve,433426
2050,res_unknown,allSize,marine,nonCare,Bay,NiteFlat,103357
2050,res_unknown,allSize,marine,nonCare,Bay,NitePeak,95692
2050,res_unknown,allSize,marine,nonCare,Humboldt,allLshp,54652
2050,res_unknown,allSize,marine,nonCare,NoLCA,AllDay,8464
2050,res_unknown,allSize,marine,nonCare,NoLCA,DayEve,25267
2050,res_unknown,allSize,marine,nonCare,NoLCA,EarlyEve,37146
2050,res_unknown,allSize,marine,nonCare,NoLCA,Flat,15832
2050,res_unknown,allSize,marine,nonCare,NoLCA,FlatCool,26343
2050,res_unknown,allSize,marine,nonCare,NoLCA,LateEve,27095
2050,res_unknown,allSize,marine,nonCare,NoLCA,MrnEve,58290
2050,res_unknown,allSize,marine,nonCare,NoLCA,NiteFlat,6318
2050,res_unknown,allSize,marine,nonCare,NoLCA,NitePeak,4867
2050,res_unknown,allSize,marine,nonCare,North,AllDay,23772
2050,res_unknown,allSize,marine,nonCare,North,DayEve,44217
2050,res_unknown,allSize,marine,nonCare,North,EarlyEve,118371
2050,res_unknown,allSize,marine,nonCare,North,Flat,23759
2050,res_unknown,allSize,marine,nonCare,North,FlatCool,59363
2050,res_unknown,allSize,marine,nonCare,North,LateEve,59122
2050,res_unknown,allSize,marine,nonCare,North,MrnEve,94092
2050,res_unknown,allSize,marine,nonCare,North,NiteFlat,12891
2050,res_unknown,allSize,marine,nonCare,North,NitePeak,10752
